,date,rating,review_text,is_elite,useful_count,funny_count,cool_count,user_name,language,sentiment_scores,sentiment_compound,sentiment_pos,sentiment_neg,sentiment_neu,sentiment
89,2023-06-01 23:30:11+00:00,5,"An incredible new French bistro on a nice corner on Christopher Street. It's a small menu, but everything is a hit. Definitely start with the Oeufs Mayo and the Tartare de Beouf. For mains, the chicken is the showstopper but the Duck is also incredible. And do not miss the Rice Pudding for dessert!",True,6,2,3,Mike C.,en,"{'neg': 0.044, 'neu': 0.826, 'pos': 0.13, 'compound': 0.6004}",0.6004,0.13,0.044,0.826,positive
88,2023-06-03 18:29:30+00:00,5,"Rockstar team operating at a high level from top to bottom. Drinks coming out of the gorgeous bar have been on point while food leaves nothing to be desired. High level cooking with heart and the soul missing from most self proclaimed ""French bistros"" in NYC. A welcomed addition to the West Village community. Wine list is also spectacular. Special bottles from both reputable and lesser known producers with a clear focus on conscious wine making. I will be here very often.",False,0,0,0,Sina N.,en,"{'neg': 0.045, 'neu': 0.802, 'pos': 0.153, 'compound': 0.8586}",0.8586,0.153,0.045,0.802,positive
87,2023-06-03 20:15:18+00:00,5,Cody has created a magical little slice of Paris in the West Village! Both the ambiance and an amazing food / wine lineup,False,0,0,0,Christian K.,en,"{'neg': 0.0, 'neu': 0.757, 'pos': 0.243, 'compound': 0.7263}",0.7263,0.243,0.0,0.757,positive
86,2023-06-11 02:39:25+00:00,5,"Outstanding food, atmosphere and service.  The village is lucky to have this establishment in the village. Local spot with upscale food and a fun vibe. Don't skip the duck - can't be beat.",False,0,0,0,Dylan H.,en,"{'neg': 0.0, 'neu': 0.735, 'pos': 0.265, 'compound': 0.8779}",0.8779,0.265,0.0,0.735,positive
85,2023-06-12 13:19:05+00:00,5,"This new spot in the West Village is a true triumph. The food is exquisite and beautifully presented. The wine list is impressive and made approachable by the lovely staff who are generous with their time and knowledge.

The ambiance is friendly, warm, and unpretentious. It really did have the authentic feel of a bistro.

Our waiter, Dominic, was extremely kind and made us feel like we were the only guests at the restaurant. It was a special evening that I will not soon forget, and worth every penny. Already planning my return trip.",False,0,0,0,Samuel M.,en,"{'neg': 0.0, 'neu': 0.667, 'pos': 0.333, 'compound': 0.9885}",0.9885,0.333,0.0,0.667,positive
84,2023-06-12 16:03:53+00:00,5,"This is really a magical place - makes me feel like I am on vacation in a small village in France. The restaurant has a buzz about it from the moment you walk in. Beautiful details on the ceilings, floors, walls. The cocktails are spot-on with perfectly clear ice and chilled glasses. The restaurant is beautiful with such attention to detail - the tables have the smallest lip around the edges that would be overlooked anywhere else. All the dishes are coming out of the kitchen at a really elevated level. Even  dishes that appear simple are utilizing top ingredients and technique. I think the wine list puts Libertine right at the forefront of wine programs here in the city. A real delight for anyone into ""natural"" wine - also called well produced wines if you disavow the ""natural"" moniker. :) I'm not an expert in Chartreuse but they have plenty of ice cold varieties to try. Most importantly, a restaurant that is comfortable to spend time in and a place that you want to come back to. Great addition to the neighborhood and wishing them many years of success!",False,0,0,0,Brad F.,en,"{'neg': 0.043, 'neu': 0.753, 'pos': 0.204, 'compound': 0.9862}",0.9862,0.204,0.043,0.753,positive
83,2023-06-18 22:27:11+00:00,1,"I really wanted to like this place and supposedly the food and drinks here are pretty good although I wouldn't know because I didn't get to try anything. Some friends and I tried to go here for a late dinner on Saturday around 11 as the place advertises being open until midnight. The hostess politely informed us that the kitchen was closed but invited us to have drinks at the bar. The bartender unfortunately was not as friendly or polite. He started out fine by asking how we were doing but when I stuttered while returning the question asking ""how- how about yourself?"" He immediately insisted that I was heavily slurring my words and that he wouldn't serve me a drink! I'm all for being a responsible barkeep but not only was he incorrect about me being intoxicated, he also just had a very rude and dismissive energy. When I worked at a bar if I suspected someone was too drunk to serve I would at least cordially ask a few questions to make a fair assessment and if I determined that it would be irresponsible to serve them then I would pour them a glass of water and as politely as possible let them know that I wouldn't be able to serve them anymore alcohol at the moment but would be happy to offer them something else. It's sad to go somewhere not have a bite of food or a sip of a drink and be left with such a bad taste in your mouth.",False,0,0,0,Daniel P.,en,"{'neg': 0.16, 'neu': 0.733, 'pos': 0.107, 'compound': -0.9692}",-0.9692,0.107,0.16,0.733,negative
82,2023-06-24 00:22:31+00:00,5,This place was wonderful. The food and wine were way above most anything in the area. The chef cares about every detail down to the how the wine is grown and uniquely curated vintners.  The duck was over the top crispy and sumptuous. The side with the duck in a terrine was amazing as was the scallop and the egg with mayo. Very French yet also very original and super flavorful. Would highly recommend for outstanding food but also for true local bistro atmosphere. Great spot will return to often!,False,0,0,0,Tafer S.,en,"{'neg': 0.0, 'neu': 0.705, 'pos': 0.295, 'compound': 0.9821}",0.9821,0.295,0.0,0.705,positive
81,2023-06-24 00:26:15+00:00,5,"Everything we ordered was incredible and we ordered many things! Steak tartare, scallops, oeufs mayonnaise, and duck (came with an incredible side dish) were the main highlights for us. Chicken and monkfish were very good too but preferred the other items. Chocolate mousse was simple and good.  
Creative and refreshing cocktails.  Good wine list. 
Comfortable, spacious seating in a charming setting.  Our server was knowledgeable and efficient.  So happy to have this special place in the West Village. Will definitely be back!",False,0,0,0,Lisa M.,en,"{'neg': 0.0, 'neu': 0.581, 'pos': 0.419, 'compound': 0.9952}",0.9952,0.419,0.0,0.581,positive
80,2023-07-09 13:41:25+00:00,5,"Great experience at Libertine. The atmosphere is adorable and very reminiscent of Paris. It's great that the tables are not on top of each other too. A rare highlight in nyc. The staff was great - friendly and attentive and checked in the perfect amount. 

We went with:
Bread + butter: delicious
Chicken liver mousse: good but has a bit of a bitter aftertaste so I didn't love it 
Scallop: delicious
Duck: definitely the highlight. The confit was especially amazing but the duck was also the most tender I have ever had. The only negative was that it was more room temp on arrival which is not my personal fav 
Chocolate mousse: nice sweet bite to finish the meal

I would definitely go back",False,0,0,0,Sue G.,en,"{'neg': 0.142, 'neu': 0.5, 'pos': 0.359, 'compound': 0.9905}",0.9905,0.359,0.142,0.5,positive
79,2023-07-10 20:50:36+00:00,5,"Had a great meal here when they first opened. Service was amazing without being overbearing. Started things off with one of the best martinis I've ever had and then dove right into dinner paired with great wine. Menu highlights were the oeufs mayo and the chicken. Excited to try the rest of the menu next time.

Not your typical cookie cutter 'natural wine bar'. Feels like you're in Paris. Can't wait to go back.",False,0,0,0,Tom N.,en,"{'neg': 0.0, 'neu': 0.711, 'pos': 0.289, 'compound': 0.9785}",0.9785,0.289,0.0,0.711,positive
78,2023-07-29 01:04:50+00:00,3,"The food was good but way overpriced.  Had the lamb, scallop, and gnocchi- but the portion size of main dishes (lamb and gnocchi) were appetizer sized.  Favorite was the lamb and scallop.  Really tiny portions for the price..  We ordered a bottle of riesling and that was priced 2.5x, not the standard 2 per retail.   

Service was very good and ambiance is nice. 

Shame, the food is solid but I needed to get a slice after. I never do that. $236 for 3 ppl including tip.",False,1,0,0,Jinn F.,en,"{'neg': 0.208, 'neu': 0.653, 'pos': 0.14, 'compound': -0.9265}",-0.9265,0.14,0.208,0.653,negative
77,2023-07-30 02:27:05+00:00,1,I don't recommend this place. First I asked for a white shed in steel and the manager tried to tell me that the white they had was aged in really old barrels so it would be like steel.  I guess he thought I was stupid.  Of course I had to tell him no it's not the same.  There were 4 of us in the group and other than the mash potatoes nothing was good at all.  We had the cabbage stuffed with lobster.  I have no clue what they did to the lobster but the texture was foamy and tasteless. We had the duck which was raw so I despite the fact that we all love duck we didn't eat it.  The food was so tasteless that it's not even worth remembering.,False,0,0,0,Carrie P.,en,"{'neg': 0.17, 'neu': 0.778, 'pos': 0.052, 'compound': -0.9442}",-0.9442,0.052,0.17,0.778,negative
76,2023-08-06 04:04:32+00:00,5,"The culinary offerings at Libertine mirror the elegance and sophistication of the Parisian culinary scene. In a stroke of culinary genius, Libertine offers an extraordinary voyage to Paris without the need for a passport or an extravagant travel budget. Take a trip to Libertine! The menu is a love letter to French cuisine, each dish carefully crafted to evoke the essence of Paris. My personal favorites are the: Scallop & Seaweed, Tartare de Boeuf and Saucisse Puree. Try it for yourself! Bon appétit & au revoir!",False,0,0,0,Jose A.,en,"{'neg': 0.063, 'neu': 0.801, 'pos': 0.137, 'compound': 0.8306}",0.8306,0.137,0.063,0.801,positive
75,2023-08-06 18:32:56+00:00,4,"Libertine is virtually impossible to get into. With so many great restaurants you would have to imagine it is because the food is so incredibly amazing that everyone wants to go. The food is very good French bistro food, very good but not amazing. The service is excellent as well. The house cocktails are truly outstanding. Libertine is lacking in a number of respects, the noise level is simply off the charts (they need something to absorb the sound), the food execution is consistent (we had to send the scallop back because it was woefully overcooked) and the wine list -- which is entirely French is also entirely organic. While there is nothing wrong with organic wine, given the amazing breadth and depth of French wines they are essentially focusing on one-note wines when there are so much more to offer from France. Given how strong the cocktails are, it is disappointing that the wine list (we had an excellent Meursault) is in effect limited. Hopefully they will quickly adapt and live up to all the hype.",True,2,1,2,Frank A.,en,"{'neg': 0.072, 'neu': 0.67, 'pos': 0.257, 'compound': 0.9927}",0.9927,0.257,0.072,0.67,positive
74,2023-08-09 18:46:48+00:00,5,"New favorite spot in the city!!! Had an unbelievable experience here and cannot wait to come back. We were able to get a table using notify on resy, and I'm so glad we did!! Our server Alex was phenomenal, and the food was all beyond perfect. So so so glad the Libertine is around!!!!",False,0,0,0,Adele M.,en,"{'neg': 0.032, 'neu': 0.673, 'pos': 0.295, 'compound': 0.9584}",0.9584,0.295,0.032,0.673,positive
73,2023-08-16 01:59:59+00:00,5,The people who rated this place poorly simply just don't know food. All around amazing,False,0,0,0,Michael L.,en,"{'neg': 0.263, 'neu': 0.57, 'pos': 0.167, 'compound': -0.4939}",-0.4939,0.167,0.263,0.57,negative
72,2023-08-28 17:23:22+00:00,5,Food is really good and unique and service matches that. The ambiance is textbook New York cozy date night and right near the Christopher street path for easy access. Highly recommend the scallop and the ouefs in mayo which may sound odd but is delicious !,False,0,0,0,Diya G.,en,"{'neg': 0.028, 'neu': 0.657, 'pos': 0.315, 'compound': 0.9589}",0.9589,0.315,0.028,0.657,positive
71,2023-08-30 20:02:33+00:00,2,"As someone who is French and has been to several French restaurants in Paris and NYC, I thought the meal was extremely underwhelming and overpriced. We got the bread and butter, the scallop & seaweed, and the jambon to start. The bread and butter for $9 is ridiculous (and most French bistros offer that for free), although the butter was good but I wasn't wowed. The scallop and seaweed was okay in terms of flavor, again underwhelmed and same with the jambon. We then got the duck deux façons and it had no taste and it was expensive at $72! Additionally, we got a bottle of beaujolais and it came out not chilled (supposed to be) and the pricing was insane ($80) and it tasted off. Like it wasn't stored properly or maybe it needed to be decanted but it didn't taste good. Overall, I don't think this place was worth the hype and the people giving 5 stars don't know real French food. It's sad because I was looking forward to try this place but I am never coming back. Also don't waste your money on this meal.",False,0,0,0,Natalya H.,en,"{'neg': 0.194, 'neu': 0.728, 'pos': 0.077, 'compound': -0.9856}",-0.9856,0.077,0.194,0.728,negative
70,2023-09-05 04:29:09+00:00,5,"Having eaten at Libertine at least once a week since their opening, I can confidently call it not only one of the best restaurants in the West Village but also the city. With a small but very well-curated and crafted menu and an incredible wine selection, both by the glass and the bottle, it's impossible to be bored even when eating or drinking multiple times a week. Often, I'll cook dinner at home but still come in for bread, butter, and wine afterwards -- which also speaks to their service. The bartenders and wait staff all walk the line between professionalism and warmth very well, which makes the space feel far more like your everyday watering hole than you'd expect given the ambiance (which is to say, it feels like a bistrot while also being far more elevated). I love Libertine, and while I absolutely root for their success.. I fear it! I'll miss my bar stool!",False,0,0,0,Kelly P.,en,"{'neg': 0.124, 'neu': 0.735, 'pos': 0.141, 'compound': 0.6334}",0.6334,0.141,0.124,0.735,positive
69,2023-09-07 22:44:56+00:00,1,"This place just charged me $300 to change my reservation. Absolutely disgusting. Places like this will never survive in NYC ,there's a reason Raoul's is still going strong and it's because the food is amazing and they treat their customers with respect. You make French fries, get over yourselves.",False,0,0,0,Anya Z.,en,"{'neg': 0.151, 'neu': 0.614, 'pos': 0.235, 'compound': 0.553}",0.553,0.235,0.151,0.614,positive
68,2023-09-08 16:05:25+00:00,4,"Nice space.  It is small so I would definitely get reservations.  Service was good. 
For cocktails, I tried the tonique? not sure of the name but it was tasty and I loved the long thin ice cube that kept the drink cold while not watering it down too much.  Wish more places would do this. 
We started with bread + butter  and gnocchi appetizer.  Bread is very chewy - definitely fresh and the butter is great.  It would help if they might add some cuts so it's easier to tear the bread apart without squishing the whole loaf ( I am imagining the chef reading this - shaking his head thinking "" Mon dieu - these Americans....).  Gnocchi was really good - very light gnocchi.  
My husband had Saucisee Purée.  He said it was very good if it had been alittle hotter.  I had the monkfish which was good but was alittle mild in flavor. 
We had chocolate mousse for dessert and it seemed alittle melted. 
Overall, it was a nice meal but pricey.",False,2,0,1,Laura T.,en,"{'neg': 0.142, 'neu': 0.593, 'pos': 0.265, 'compound': 0.9844}",0.9844,0.265,0.142,0.593,positive
67,2023-09-10 14:06:40+00:00,2,"Libertine is mediocre and overpriced. The alleged appeal is that it's authentically French. The food just ain't good very good though. 

I would have left 1 star for the food and price combo, but raising overall review to 2 stars due to the excellent service.",False,0,0,0,Carlos D.,en,"{'neg': 0.209, 'neu': 0.694, 'pos': 0.097, 'compound': -0.4226}",-0.4226,0.097,0.209,0.694,negative
66,2023-09-16 05:12:37+00:00,5,Beautiful neighborhood restaurant with wonderful food. I really loved how they treated the monkfish and the lobster. Will definitely return soon.,False,1,0,1,David L.,en,"{'neg': 0.0, 'neu': 0.525, 'pos': 0.475, 'compound': 0.9381}",0.9381,0.475,0.0,0.525,positive
65,2023-09-27 17:25:28+00:00,2,"I came away thinking about the movie The Menu (in terms of how pretentious, gullible guests can be bamboozled by a restaurant's BS)! Libertine is as far from being a top French bistro as Katz's Deli would be. 

Libertine's  pricing is way out of wack ($19 for 4 egg halves slathered in mayo with a sprinkling of salmon roe? $72 for a duck dish combo of breast and confit?). The breast was very tasty and served in a poivrade (pepper) sauce.  It's companion (the leg confit) was salty, miserly and hidden under mashed potatoes to form some kind of confit shepherd's pie.  Very average. Didn't bother with the two desserts on offer.

The vibe was bustling at least.  

The two red wines I sampled by the glass were way too young and tannic (and expensive for '22 bottlings).

Will not return and do not recommend.",False,0,0,0,Anthony B.,en,"{'neg': 0.183, 'neu': 0.754, 'pos': 0.063, 'compound': -0.9636}",-0.9636,0.063,0.183,0.754,negative
64,2023-09-28 19:31:50+00:00,2,"Great Martini.

Terrible Service, waitress was rude, hostess was rude... I let that go...

Food... decent flavors... $300 later I left extremely hungry...

Bread....extremely hard and stale... good butter though. 

Mashed potatoes... could've easily come from a box.....

I don't know about this place. I'd consider going for a drink but never to eat again. No one wants to feel hungry when they leave an expensive meal. 

Be realistic!",False,0,0,0,Nyc E.,en,"{'neg': 0.23, 'neu': 0.692, 'pos': 0.078, 'compound': -0.9197}",-0.9197,0.078,0.23,0.692,negative
63,2023-10-01 20:41:52+00:00,1,Worst wine list in Manhattan. Do not go here if you are going to order wine. It is all overpriced organic of stuff that tastes the same. Sommelier needs to be replaced ASAP. Shame as food is good enough and the vibes are good,False,0,0,0,Tom W.,en,"{'neg': 0.319, 'neu': 0.593, 'pos': 0.088, 'compound': -0.9648}",-0.9648,0.088,0.319,0.593,negative
62,2023-10-01 20:49:14+00:00,5,"Fantastic food, wine, cocktails and service. Really enjoyed my visit. The duck was amazing.",False,0,0,0,Jordan F.,en,"{'neg': 0.0, 'neu': 0.5, 'pos': 0.5, 'compound': 0.8999}",0.8999,0.5,0.0,0.5,positive
61,2023-10-02 15:22:39+00:00,5,"Food, team, vibe, wine, all perfection. No better and more authentic bistro service in nyc. A must go",False,0,0,0,Drew S.,en,"{'neg': 0.096, 'neu': 0.614, 'pos': 0.289, 'compound': 0.6597}",0.6597,0.289,0.096,0.614,positive
60,2023-10-02 23:13:06+00:00,1,"Would like to start off by mentioning I typically don't leave reviews, and in this case I am since what could've been a good experience was unfortunately and utterly ruined by very poor service by our waiter. Not once were we checked in and asked how our food was, not once did the waiter pour us water, which was particularly surprising given we dined early in the evening when there were many empty tables so he did not have his hands full. 
Things got worse when we asked for the bill. Like many other restaurants, they had a pre-fixed tip option. I am okay with this but not when restaurants include the tax in the tip % amount as well. I adjusted the tip and still gave the waiter 20% (18% per the POS, and in which case given our very poor service was a large number by any regard), and he left without a word and hit me in the shoulder as he walked by.
Just really disappointed by how poor the service could be at a rather new restaurant in the neighborhood and one that has potential. Unfortunately seems to be in line with many other reviews here as well, which I was late to see.",False,3,2,2,Ryan K.,en,"{'neg': 0.146, 'neu': 0.788, 'pos': 0.066, 'compound': -0.9727}",-0.9727,0.066,0.146,0.788,negative
59,2023-10-03 04:58:34+00:00,1,"Below average west village spot that is absolutely not worth the money. Service is nonexistent and the food is sub par. I've been in New York for 15 years now, and I eat out quite often. Now that I'm a parent, I have to plan for eating out, pay for a sitter and Uber, and I need all my meals to knock it out the park for me to say it was worth it. Be prepared to spend a lot for a whole lot of nothing: You'd be better off going to a Keith McNally restaurant for French style brasserie food. This is not it.",False,0,0,0,Viv H.,en,"{'neg': 0.103, 'neu': 0.878, 'pos': 0.018, 'compound': -0.7779}",-0.7779,0.018,0.103,0.878,negative
58,2023-10-07 13:42:06+00:00,3,"Great server, average food, terrible hostess (truly) 

Ambiance is fine but overall still feels overhyped",False,0,0,0,Jo J.,en,"{'neg': 0.309, 'neu': 0.561, 'pos': 0.13, 'compound': -0.3612}",-0.3612,0.13,0.309,0.561,negative
57,2023-10-18 02:02:08+00:00,1,Underwhelming food and overpriced. Wine list is laughable. Please save yourself a trip.,False,0,0,0,Winnie M.,en,"{'neg': 0.445, 'neu': 0.283, 'pos': 0.271, 'compound': -0.8074}",-0.8074,0.271,0.445,0.283,negative
56,2023-10-20 17:39:21+00:00,3,"Long story short: Libertine is expensive with the food quality not living up to its price tag. 

We got 3 appetizers, the scallops baked in a shell and the lobster en terrine (the fresh tarragon was a nice touch) were excellent, the gnocchi with mushrooms was good flavor-wise, but the gnocchi was too soft, should have been al dente.

We got the Duck Deux Facons ($72!) to share (but the portion was really only big enough for one person, that's why we got 3 apps).  It was the biggest disappointment. The duck breast was ok, nothing special, and the duck leg shredded mixed with mashed potatoes was simply too salty.  The knives we were given were so dull, it felt like we were sawing the meat apart.

We got two 2 desserts, the hazelnut rice pudding was excellent, the hazelnut was crunchy and so flavorful; the chocolate mouse was also pretty decent.

I hope the restaurant either elevates its food quality or lowers its prices.  Otherwise we are unlikely to return. 

I do want to give a shout-out to our waiter, he was very friendly and knowledgeable of the menu.",False,0,0,0,Q Q.,en,"{'neg': 0.155, 'neu': 0.661, 'pos': 0.183, 'compound': 0.7056}",0.7056,0.183,0.155,0.661,positive
55,2023-10-21 19:18:36+00:00,5,Easily the best bistro in NYC. Five of us had dinner and nothing that came to the table was less than excellent. The wait staff is fun and knowledgeable. The food is thoughtful and presented beautifully and delicious desserts for surprisingly great. I would go back there in a heartbeat. I wish I lived closer.,False,0,0,0,Jerry F.,en,"{'neg': 0.043, 'neu': 0.506, 'pos': 0.451, 'compound': 0.9864}",0.9864,0.451,0.043,0.506,positive
54,2023-10-23 07:24:38+00:00,5,"Excellent cooking here (and I live in France; I should know!) and the server was extremely friendly and knowledgable. 

Energetic vibe - get ready for a bustling, buzzy restaurant and a fun night out!",False,2,1,1,Maisie W.,en,"{'neg': 0.0, 'neu': 0.581, 'pos': 0.419, 'compound': 0.9537}",0.9537,0.419,0.0,0.581,positive
53,2023-10-27 16:42:09+00:00,1,"Ate here in September.  Crowded, two different parties of women shrieking because it was insanely noisy.  Indifferent, hurried waiter, food uninspired and unmemorable, overpriced wine (4x retail, per Vivino).  Reservation, yet hastily seated in the middle of the room at two, very small bistro tables shoved together.   Just over $500 for 3 appetizers, 2 mains, 1 $80 bottle, and 4 cocktails.  Bonne chance, Libertine.",False,0,0,0,Kathy C.,en,"{'neg': 0.316, 'neu': 0.627, 'pos': 0.057, 'compound': -0.9764}",-0.9764,0.057,0.316,0.627,negative
52,2023-10-28 17:07:33+00:00,5,"Great food, wine, and cocktails. I've had a wonderful experience every time. Best sausage ever.",False,0,0,0,Andrew S.,en,"{'neg': 0.0, 'neu': 0.478, 'pos': 0.522, 'compound': 0.9186}",0.9186,0.522,0.0,0.478,positive
51,2023-10-28 23:33:11+00:00,3,"I was incredibly excited about the reservation, and left feeling so disappointed. The service was slow, our waitress barely even checked on our table, and the duck was one of the saltiest dishes I've ever eaten. We were two people, were still hungry at the end of the meal, and ended up paying 150 per person for a very average meal.",False,0,0,0,Pauline B.,en,"{'neg': 0.179, 'neu': 0.762, 'pos': 0.059, 'compound': -0.8877}",-0.8877,0.059,0.179,0.762,negative
50,2023-11-01 18:22:19+00:00,5,"We really enjoyed Libertine. Yes it's expensive, but so are other high end French bistros in the city like Frenchette. 

The space is very bare bones bistro with menus presented on various chalk boards throughout the restaurant. We came at 5:15pm and by 6:30pm it was packed, reservations are recommended.

Food wise everything was excellent.

Bread - this is half a baquette with butter. It was delicious, make sure to save some for the Ouefs Mayo.

Ouefs Mayo - hard boiled egg served in a mayo based sauce topped with trout roe. This was excellent and a must get appetizer. Save some bread to dip into the remaining sauce on the plate.

Jambon Persille - cooked ham layered in a terrine, it comes served with some spicy mustard on the side. Very good dish.

Tartare de Bouef - a nice portion of beef tartare, another excellent dish.

Canard Deux Facons - you get two different serving styles of duck. One is a breast in a au pouvire sauce the other is confit shredded and mixed with mashed potato. A lot has been said about the $72 price tag, but it was the best dish of the night. The breast is cooked perfectly and I really liked the addition of the au pouvire sauce. The confit portion though was the star, phenomenal. The meat is shredded, super tender, and flavorful.

Saucisse-Puree - sausage served on top of a potato puree. This was good.

Rice Pudding - excellent.

Libertine is a great spot to visit for a meal in the West Village.",False,0,0,0,Anthony D.,en,"{'neg': 0.027, 'neu': 0.64, 'pos': 0.333, 'compound': 0.9989}",0.9989,0.333,0.027,0.64,positive
49,2023-11-02 04:32:46+00:00,1,"A strange and disappointing experience. We waited weeks to get a reservation for a birthday dinner for three people. The guest of honor came with a folding bike and asked to stash it and the manager's response was a hostile and indifferent no. There was no attempt to accommodate. (we would have understood had the same message been delivered with a modicum of consideration). When it was time to be seated we were shown to a tiny bistro table that might work for a tight two but was really ludicrous for three. When the hostess was asked if, perhaps, another table might be available considering the occasion her reply was an irate ""What's wrong with this table??!!"". Things devolved pretty quickly from there. I'm sure the food is terrific, but we never got to try it. It's been a long time since I've been to a restaurant that had so little regard for its guests.",False,0,0,0,Stan S.,en,"{'neg': 0.201, 'neu': 0.724, 'pos': 0.075, 'compound': -0.9703}",-0.9703,0.075,0.201,0.724,negative
48,2023-11-19 17:00:51+00:00,5,Libertine is a phenomenal place for a cocktail or glass of wine. I came here prior to a dinner reservation elsewhere. The ambiance was chill. The service was top notch. The drinks were high quality. I recommend the dirty martini with house made gin. It was ice cold and presented well. It may have been the best I've ever had.,False,0,0,0,Joe D.,en,"{'neg': 0.169, 'neu': 0.681, 'pos': 0.15, 'compound': -0.5106}",-0.5106,0.15,0.169,0.681,negative
47,2023-11-25 02:47:05+00:00,2,"Its a ""vibe"" not a serious restaurant. Overpriced for what they serve. Great staff and fantastic drinks. The ""manager"" spent a lot of time playing kissy face with the hostess instead of attending to tables. If you are going to charge 3 star prices you need to have real restaurant people running your show, especially if there is an issue table-side. I live in nyc and felt like a  bridge and tunnel sucker while eating there.",False,0,0,0,David F.,en,"{'neg': 0.039, 'neu': 0.72, 'pos': 0.241, 'compound': 0.9462}",0.9462,0.241,0.039,0.72,positive
46,2023-12-01 15:21:01+00:00,2,It's a bistro that is very expensive and offers one of the shittiest vibes in NYC. The service is the only thing that is good about this place. Bar is first come first serve so expect people just hanging over your shoulder while you pay $75 for one dish.,False,0,0,0,Andrew D.,en,"{'neg': 0.191, 'neu': 0.759, 'pos': 0.05, 'compound': -0.8479}",-0.8479,0.05,0.191,0.759,negative
45,2023-12-05 02:43:35+00:00,1,"Walked in with a bottle of Rhône from 2000 and was told that they didn't accept outside wine. I sent an email the day before and received no response in a full business day and they have no available phone number to reach out and ask about corkage availability. Upon checking the wine list, it's filled with esoteric natural options that are priced above market and would for sure taste funky so we opted for cocktails (our favorite part of the meal). We ordered the bread and butter with chicken liver mousse, oeuf mayo, lobster chou farci, scallop and seaweed, and the duck died faxcons. Immediately the bead and butter came with the chicken liver mousse and for 9 dollar plus a 9 dollar up charge for chicken liver mousse with receive probably 3 tablespoons of mousse and bread that wasn't cut, just half a baguette we had to rip with our hands. Initially was upset about the portions, followed by the flavor, acidic and tasted like bile. We then were served the cold appetizers almost immediately on our small two top. The lobster and eggs. The eggs were flavorless and without texture and the lobster, our favorite dish of the night, lacked flavor. Then the scallops and seaweed were served, overly fishy and plated poorly. After tasting each of these and our frustration with the wine we decided to cancel the duck and leave. Would not recommend for food, the Champs Elysses cocktail was very good.",False,0,0,0,Nathaniel B.,en,"{'neg': 0.159, 'neu': 0.751, 'pos': 0.089, 'compound': -0.9715}",-0.9715,0.089,0.159,0.751,negative
44,2023-12-09 01:41:22+00:00,2,"I'll start off by saying that I was really excited to visit Libertine. It's been steadily climbing up my list of places to dine in and finally I made a reservation and invited my mom for dinner. Unfortunately, the experience left us disappointed. 

There are three parts to my review: 

(1) It is bizarrely loud. It's not a huge spot, but at 6pm on a Friday it was packed to the brim and everyone seemed to yell on top of their lungs. 

(2) We were advised by our waiter to order 2 appetizers and 2 mains for two people. We decided to order the things that intrigued us most -- oeuf mayo, lobster chou farci, tartare de boeuf, bread and butter for appetizers; and duck deux façons for entree. All of our appetizers arrived roughly around the same time. Once we were closer to finishing them, we agreed that we have space for more and asked our server if we could order two more appetizers. To which we were told no -- we do not allow customers to place any more orders after the initial one. At that point we've only been seated for 40 minutes, so it's not like it was a ""your time at the table is limited"" kind of situation. Very confusing. The duck breast arrived cold. The cook on it was good, but it's like eating cold steak. Pretty boring. 

(3) Here's the crux of the issue. I believe we were served by someone who is either new to the service industry, or someone who doesn't care to provide good customer service. Our waitress failed to: check in with us after our food has been served to ensure everything tasted good (""how was your duck, by the way?"" was inquired at the very end of our meal...thanks, I guess); our dirty plates were not promptly removed from the table; crumbs were not wiped from the table surface; nobody talked to us about what's actually in the dishes we were served and plates were just silently dropped off one by one. 

The whole experience left us...sad. Definitely won't be back or ever think about this place again. 

P.S. The only standout was the wine we had -- pandæmonium blanc sec from Mathieu Apffel. Damn good bottle.",False,0,0,0,Lisa P.,en,"{'neg': 0.141, 'neu': 0.783, 'pos': 0.076, 'compound': -0.9838}",-0.9838,0.076,0.141,0.783,negative
43,2023-12-12 02:20:44+00:00,5,"Was here on a Sunday night. It became completely packed by around 7:30/7:45pm. Very authentic French Bistro. It feels as if you're in a cafe in Paris. Our favorite dishes were the Tartare de Beouf, Duck and Monkfish. The Chocolate Mousse is perfect for dessert for the chocolate lovers.  

Service was great. Will definitely come back for another meal and/or for cocktails!",False,0,0,0,Juliet C.,en,"{'neg': 0.0, 'neu': 0.762, 'pos': 0.238, 'compound': 0.9531}",0.9531,0.238,0.0,0.762,positive
42,2023-12-17 06:33:46+00:00,1,"Food is terrible, simply don't go there...there are so many alternatives in the surrounding...",False,0,0,0,Gregory C.,en,"{'neg': 0.193, 'neu': 0.807, 'pos': 0.0, 'compound': -0.4767}",-0.4767,0.0,0.193,0.807,negative
41,2023-12-18 22:50:29+00:00,1,"Do not feed into the hype of this resturant!  We live in West Village and are the biggest supporters of local establishments that have a high standard of good food, wine and service.  Food was average , and expensive!   The wine is where my biggest criticism lies.  The quote from their Resy page states, ""Pro tip: This is where you should definitely order wine with your meal -- both Pruitt and Mackinnon are wine experts (Mackinnon was the former wine director at Jupiter and Roberta's), so you can trust it's a truly excellent list.""    Pruitt and Mackinnon must have been off this particular Saturday night.  Short of sounding like a wine snob, we drink the best  of French burgundies (thru Chevaliers du Tastevin organization).  We aren't as familiar with the other regions of France, and sought out help of ""the somm"" to talk us through the wine list.  The bottle he selected for us was sent back - it lacked structure, tasted like plastic, and was warm.  We then attempted to try the wines by the glass,  which were equally warm and bad.  Some of us switched to water, and some switched to beer.   Perhaps these ""exclusively natural wines""  are different than the true French wines.  Plus, all the wines we attempted to try were warm.  French wines should be stored/served around 60 degrees, so they must have sub-optimal storage.  There is better wine bars in the area!",False,1,0,0,Maureen K.,en,"{'neg': 0.093, 'neu': 0.746, 'pos': 0.161, 'compound': 0.933}",0.933,0.161,0.093,0.746,positive
40,2023-12-20 23:16:28+00:00,4,"Well, what a fun night kicked off with excellent cocktails at the bar and ended with delicious aperitifs as we closed the place with the staff. The room is chill and inviting, with the quiet elegance of a bistro - maybe it's the lighting? The staff was super welcoming, knowledgeable, and I loved the bartender's skills. Having the menu on a blackboard sets the tone for a fun, interactive night. Overall, the food was delicious, and the wine list was fun to explore. 
Our only hiccup was related to our wine, which we discussed with the manager that it had experienced double fermentation, which gives wines a yeasty taste and bubbles. We were not able to switch our bottle, which impacted the meal. However, I contacted management, and the bill was addressed, and the feedback was appreciated. Kudos!! And thanks!! Yet it's too late to resolve the dining experience, which lacked the intended pairing of a beautiful French wine. The manager or sommelier that night should have replaced the bottle as requested. 
Highly recommended, and I will definitely return. Cheers",True,2,1,2,Kat C.,en,"{'neg': 0.02, 'neu': 0.654, 'pos': 0.326, 'compound': 0.9971}",0.9971,0.326,0.02,0.654,positive
39,2023-12-22 19:30:40+00:00,5,"My partner and I sat down on a busy Sunday evening for dinner and couldn't be more happy with our experience. We began with a wonderful bottle selected by our sommelier and then moved into dinner. The meal was cohesive and the dishes were sized just right for the two of us. Once we finished our meal we opted to move to the bar for after dinner drinks. The staff was warm but enthusiastic, we can't wait to return!!",False,0,0,0,Danny A.,en,"{'neg': 0.025, 'neu': 0.831, 'pos': 0.144, 'compound': 0.8818}",0.8818,0.144,0.025,0.831,positive
38,2023-12-30 04:07:38+00:00,3,"Perfect restaurant for American perception of French food! Libertine tastes like the idea of French food as described by an American to another American. If you love bread on the verge of going stale, chicken liver mousse that could be mistaken for blue cheese, and having dishes that would be pesant food in their hometown served at Michelin prices this is the place for you. The saucisse purée is bangers and mash by any other name. Importing your butter from Normandy is admirable, but it can't do ALL your heavy lifting (which it did), but hey, if you've never been to France, how would you know the difference for anything served to you? Libertine is perfect, it's every pompous stereotype of New York and France rolled into one over priced package. Next time I'll just fly to Paris and get 6 meals for what I paid here. God bless capitalism. 

Our server was probably the best thing in the restaurant outside of the butter. An absolute gem, and the poor guy has been employed to lie through his teeth about the food, but he knew how to pick a wine pairing.",False,0,0,0,Jeanette C.,en,"{'neg': 0.072, 'neu': 0.805, 'pos': 0.123, 'compound': 0.916}",0.916,0.123,0.072,0.805,positive
37,2024-01-04 19:45:06+00:00,5,"Not only does Libertine have some of the most authentic country style French food in the entire city, but the cocktails are absolutely superb as well. The service is impeccable without being pretentious or phony. There is simply no restaurant like it in the city! The decor, lighting and bar are all done so well. Love this place and always will!!",False,0,0,0,Johnny L.,en,"{'neg': 0.033, 'neu': 0.623, 'pos': 0.344, 'compound': 0.9826}",0.9826,0.344,0.033,0.623,positive
36,2024-01-10 23:34:26+00:00,1,"Scallop was good. Not impressed by anything else, especially for the price point. There are many, many other restaurants serving duck that is delicious.",False,0,0,0,Andrea S.,en,"{'neg': 0.076, 'neu': 0.628, 'pos': 0.296, 'compound': 0.8536}",0.8536,0.296,0.076,0.628,positive
35,2024-01-14 05:03:06+00:00,1,"Extremely disappointing across all dimensions - dish quality, pricing, portion size, menu selection, service. Will be surprised if this place lasts a year. 

Menu Selection - of the 8 small plates, 3 were sold out. The most notable entree - the duck two ways - was also sold out. How can that be on a Saturday night?

Dish Quality - we ordered the bread, chicken mouse, salad, eggs mayonnaise, lobster, gnocchi, sausage, and lamb. 

The bread was a stale and hard as a brick. The mouse was good - light, balanced, with a hint of cognac. The eggs mayo was tasteless / bland. The lobster was okay - hard to mess up fresh lobster meat. The salad was unbearably salty. So was the gnocchi and lamb. Totally inedible. Especially the lamb - the mustard was present visually but tasteless. The lamb was ruined by turning it into an ill-conceived corn beef hash. The sausage was okay but nothing special. 

Pricing / portions - exorbitant pricing given the poor dish quality and small portions. Also, $9 for that stale half baguette? Ridiculous. 

Service - perhaps the most disappointing of all. First of all, the pacing was extremely off. The 5 starters we got all came out in a rushed jumble - all back to back with no spacing and within 15mins of us sitting down. We finished the starters by the 30min mark. Then we waited 45 minutes for the entrees to come, by which time we were no longer looking forward to them. 

The server was okay. Nothing notable. At the end of the meal, the maitre d' brought our check. When we made it known we were disappointed that so many menu items were unavailable (on an already small menu), he said ""yeah so sorry. If you get the chance, come back a different night and try your luck again"". What a joke - there won't be a next time.",False,0,0,0,Jay E.,en,"{'neg': 0.291, 'neu': 0.67, 'pos': 0.039, 'compound': -0.9987}",-0.9987,0.039,0.291,0.67,negative
34,2024-01-15 17:33:28+00:00,4,"I had been wanting to try Libertine for a long time, so I recently came for dinner with a friend. We had a reservation at 6pm on a Saturday night which I definitely recommend for weekends if you want a table, otherwise you might have to sit at the bar (which is reserved for walk-ins). The hostess was very kind and promptly sat us at our table. This place is very cute and has the perfect, dimly lit, quiet, intimate vibe for a date. It is a small restaurant but it feels very open since it's in the corner and has windows around the whole establishment, plus it has small tables and rustic decor with which it successfully mimics European/Parisian bistro vibes. Our waitress was very amicable and came to get our drinks and food orders. She gave us input on what wine to get to pair with a specific dish, so my friend got a glass of red wine which he really enjoyed. They have a small food menu which is written on blackboards around the restaurant, very fitting for the small bistro vibe. Food-wise, I tried:

- Scallop and Seaweed: was confused by the name at first but I believe the traditional name for this dish is Coquilles Saint Jacques, or at least it was a very similar dish. It was a very nice appetizer! This consists of a scallops on a shell which are brought out to you in a plate, oven baked with some cream+ white wine sauce au gratin. The scallops in the filling were delicious, and melted in your mouth. The portion size is pretty small but this dish packed so much flavor and was so rich/ decadent that I think sharing it was appropriate. Very nice flavors and textures!  

- Duck Deux Façons: to be honest I came here mainly to try the duck and I was not disappointed. The duck came in two ways (as the name of the dish implies in French). One was a delicious pan fried (?) duck breast that was incredibly tender, had the perfect amount of fat to give it a nice flavor without feeling too oily, and had a nice crispy skin. It came in this very mild peppercorn cream sauce that complemented the umami flavors of the duck and balanced it out perfectly. The other was a Duck Confit Parmentier which had shredded duck at the base that has literally the most buttery and silky meat I've had. It just dissolved in your mouth without effort. This savory duck confit came baked with some creamy and fluffy mashed potatoes on top... a very decadent combination of textures and flavors. I really could not pick which one I liked better since both dishes were different and, I would argue, equally excellently executed. Portion size feels a little small for the hefty price tag but it was excellent. Worth it. 

- Rice Pudding: they have three options for dessert and my friend wanted to try the rice pudding. This was creamy, mildly sweet but not overwhelming and had a nice amount of cinnamon that was not overpowering. Decent portion size. I would not say this blew my mind like the other dishes but was just good. I really wanted to try the chocolate mousse but I will save that for if I come back in the future and I have high expectations!

Overall, I had a good experience here! The service was very nice and welcoming while being a little more hands-off, in proper European style. The ambiance was a huge draw for me and I think it definitely lived up to my expectations. Very beautiful place and perfect for a date or intimate dinner with family. The food I tried (although limited) was excellent. My complaints are mainly how overpriced it feels for the portion sizes as well as how unreachable they are via phone-- I could not find their number anywhere and wanted to speak to someone about changing my reservation which caused me some anxiety given the penalty for cancelling a reservation via Resy. Overall, would recommend for a special occasion! Will be back for more duck and to try the chocolate mousse :)",True,1,0,1,Isabella T.,en,"{'neg': 0.079, 'neu': 0.664, 'pos': 0.256, 'compound': 0.9995}",0.9995,0.256,0.079,0.664,positive
33,2024-01-19 13:24:10+00:00,3,"I really liked the interior design and overall vibe. Fantastic. Like a younger sister to Pastis or Balthazar but not as crowded or noisy. Prior to going I checked the website for the menu and pricing, even though I was not going to be paying for my meal. No menu, no pricing. Hmmmm. 

The menu is written on a chalkboard and your server brings over said board - a la Raoul's - and goes over everything. I was psyched to see duck - until I saw the price: $72. Yes, $72 for duck. Oh sorry, for duck *two ways* 

I was also kind of shocked at the by-the-glass wine prices, all in the $25+ range. I mean, the cocktails (most $19) were cheaper. Which works for me as someone who prefers a cocktail but seriously - your cheapest glass of wine is in the $20s? 

So here's what went down. We ordered the bread, with butter and anchovies. They bring you a baguette which is not sliced, which would be fine if it weren't a bit on the not-fresh side and almost impossible to rip apart. Butter was lovely but...butter. And four anchovies. All that bread for four anchovies was a bummer.

Oeufs mayonnaise was great. My friend had the salmon, which she loved, and I had the lamb, which was a preparation that I hadn't had before but also liked very much. 

I'm not sure how to sum this up. If money isn't an issue or their prices are what you normally spend for a meal, I would say it is worth checking out.  If you're cool with $25/glass of wine, this would be a lovely regular neighborhood spot. Sadly, neither applies to me.",False,0,0,0,Renata J.,en,"{'neg': 0.107, 'neu': 0.751, 'pos': 0.141, 'compound': 0.9294}",0.9294,0.141,0.107,0.751,positive
32,2024-01-21 14:13:15+00:00,5,"Libertine is still otherworldly. This is my 4th visit and I've eaten almost everything on the menu multiple times. 

The Duck Deux Facons [$72] is perhaps the best dish on the menu. While not cheap and not for one person [though I could probably eat the whole thing], it is 100% worth it. The duck confit under the pillowy mashed potatoes is indescribable and the duck breast is deliciously fatty. 

The gnocchi [$29] is soft and pillowy and melts in your mouth. 

My friends and I had a reservation for 5:45PM on a Saturday and the place was already packed. I always find the service to be a bit rushed but it's expected when it's a hopping place and you need to turn tables.",True,3,0,2,Felisa F.,en,"{'neg': 0.05, 'neu': 0.885, 'pos': 0.065, 'compound': 0.2168}",0.2168,0.065,0.05,0.885,positive
31,2024-01-28 02:59:34+00:00,2,"As I live close by and grew up in Europe, where I spent every summer in France, I was very excited about going to dine at Libertine. Unfortunately, the experience was a disappointment. Upon arrival, the waiter didn't take the time to explain the menu at all. When we only ordered drinks and an entree, he asked if we want nothing else in an unfriendly way. Well, in retrospect I understand the question, as the portions were so small...but again, nobody took the time to explain the menu to us and how it works. I had the lamb for $38 and my husband the sausage for $34....and we both left hungry spending over $120 for dinner. The food was ok, but definitely overpriced and service was bad. At some point, as I took a small break with still food on my plate, they asked if we are done. And we were only there for 30 minutes at that point. Service was not attentive, and at this price point I would expect that. There are so many better options nearby such as Malatesta next door, Mary Lane with new American food or Tartine as a French alternative. Wouldn't recommend Libertine - seems overhyped and overpriced!",False,0,0,0,Stephanie Moser ..,en,"{'neg': 0.216, 'neu': 0.732, 'pos': 0.051, 'compound': -0.993}",-0.993,0.051,0.216,0.732,negative
30,2024-01-29 01:31:52+00:00,2,"First of all, the dishes are way over priced.  It's priced like a premier West Village restaurant and it falls way short.  Just as an example, just the bread (standard baguette) is $9).  All the main dishes are in $50+ range.  My dish was tasty but nothing amazing.  Portions are small too.  Terrible value. 

My main gripe was service.  Our waiter was dismissive of my wife and me from the first minute.  He seemed burdened when we asked him to walk us through some dishes.  Was rude throughout our meal.  Although he only checked on us once.  

There are much better restaurants and price points throughout West Village / Greenwich Village.

Tried once and won't be back.",False,0,0,0,John A.,en,"{'neg': 0.179, 'neu': 0.736, 'pos': 0.085, 'compound': -0.9559}",-0.9559,0.085,0.179,0.736,negative
29,2024-02-05 16:21:05+00:00,3,"Went for an early sunday night dinner. Very french bistro look, very loud, small tables. We got lucky to sit in a corner ""booth"". Servers all friendly and helpful.
The menu and bar are very restricted...I asked for a margarita with salt..""we dont do salt""...ok. How about a Cosmo...yes but not really. I ordered the margarita.
It was tasty. Food menu super restricted...what bistro doesnt have Steak Frites? This one. Three of us had monkfish, sausage, gnocchi and tartare. It was all pretty tasty...nothing was blow-me=away. Except the bill!
We had a nice time. Definitely do not need to return.",False,0,0,0,Sara B.,en,"{'neg': 0.022, 'neu': 0.709, 'pos': 0.269, 'compound': 0.9861}",0.9861,0.269,0.022,0.709,positive
28,2024-02-07 01:24:56+00:00,1,"I went to Libertine last weekend for brunch.  The service was good and the ambiance was satisfactory.  The food itself was overpriced and very pedestrian.  Also, despite having an entree selection (steak tartare) that fundamentally required bread, bread and butter was an additional charge.  Net net with a $48 dollar two course prix fixe per person, plus bread, plus a couple of drinks, it was well north of $150 for a lack-lustre brunch.  Would not recommend.",False,0,0,0,Steven H.,en,"{'neg': 0.165, 'neu': 0.776, 'pos': 0.059, 'compound': -0.8753}",-0.8753,0.059,0.165,0.776,negative
27,2024-02-18 01:46:34+00:00,3,"Exceptional food 'complimented' by undrinkable wines.

If you like your delicious duck, alsatian sausage or seafood with a heavy touch of mouse, VA, nail polish remover, brett or kombucha, go ahead. 

Whoever orders wines for them, some sort of nothing added-nothing taken away amateur hipster, needs to hire a professional to create a balanced list that will attract people other than Brooklyn hipsters.

Kinda ruins entire experience, Max Mack",False,0,0,0,Ayoub S.,en,"{'neg': 0.034, 'neu': 0.785, 'pos': 0.181, 'compound': 0.9099}",0.9099,0.181,0.034,0.785,positive
26,2024-02-21 01:07:48+00:00,4,"Thank you Resy notify, because I managed to snap up a reservation on the same day and I'm going to be honest, I saw something on IG about the giant tower of butter that was shipped all the way from France and I HAD to come see what the hype was all about.

The reviews here are confusing. Yes, it's pricey, so file this under ""for special occasions and splurge worthy moments only."" But the food? The food is simply divine. 

When I visited in at the end of last year, it was all decked out for Christmas, with the most beautiful, simple and elegant decor. 

We started off with the Ouefs mayo soft boiled eggs -- which, I have to say, is last meal worthy (that good!). The beef tartare was exquisite and you HAVE to get the duck served two ways. It started with duck au poivre, and ends with roasted, fall off the bone duck covered in cheesy mashed potatoes. The duck dish alone is 6-star worthy. What a meal to remember.",False,1,0,0,Shu Jin S.,en,"{'neg': 0.076, 'neu': 0.749, 'pos': 0.175, 'compound': 0.9697}",0.9697,0.175,0.076,0.749,positive
25,2024-02-24 15:31:16+00:00,4,"Finally! Petit dejeuner lunch, emphasis on petit. Two courses are $48. This is a very popular restaurant for good reason. The care and attention to detail is unrivaled. A huge slab of French butter is at the entrance to the kitchen.
There are 3 entrees & 3 plats at lunch. Not ideal for me but we managed.
Ate:
Bread & butter $9
Trout
Salad
My fried ate
Trout
Sausage plate
The trout was outstanding. Delicate & delicious with shaved leek and good moutarde.
They gave me a larger salad which was necessary
The sausage bite I tasted was also delicious.
Breads bakery baguettes like Frenchette was perfect and the butter ooh La La,.
Next time dinner..",True,1,0,1,Franny A.,en,"{'neg': 0.013, 'neu': 0.66, 'pos': 0.327, 'compound': 0.994}",0.994,0.327,0.013,0.66,positive
24,2024-02-27 03:09:48+00:00,5,"I came here for someone's birthday dinner without any expectations of the place and it became an incredible dining experience. The space is your typical French bistro style dining room with a couple of chalk board menus up on the walls, which is hard to see in the dim lighting. Our waiter brought a large chalkboard up to our table to see it, which was much appreciated. The menu is short and focused, but everything is delicious.

We started with the bread, which honestly, I think you can skip. At $9 for an okay baguette, it would be easy to pass. 

Onto the appetizers and mains 
- The Jambon Persille ($18) was slightly salty (it's ham after all) with a nice texture and enough bounce. It came with a lovely spicy mustard and cornichons to balance out the flavors. 

-The gnocchi Parisienne ($29) was surprisingly delicate and airy and came with a great mushroom sauce

-Lamb a la Moutarde ($38) was tender and rich and flavorful

-Duck Deux Facons ($72) is on the pricey side but so worth it! The ""shepherd's pie"" was cozy and the chunks of duck were super tender and juicy. The duck dish itself was very rich with a thin crispy chicharron-like skin.",True,0,0,0,Christian Y.,en,"{'neg': 0.06, 'neu': 0.6, 'pos': 0.34, 'compound': 0.9982}",0.9982,0.34,0.06,0.6,positive
23,2024-03-02 21:30:01+00:00,1,"Horrible customer service. Food was subpar and not fresh. 
Dishes were dirty, and waiters unpleasant. It was loud. What a miss - heard good things but when it comes down to it, a huge disappointment.",False,0,0,0,M P.,en,"{'neg': 0.426, 'neu': 0.477, 'pos': 0.097, 'compound': -0.9553}",-0.9553,0.097,0.426,0.477,negative
22,2024-03-09 02:31:03+00:00,5,"Unbelievably good. Every. Single. Thing. Perfect.
The food is the star but service, cocktails and wine list are all superb.",False,0,0,0,Kerry G.,en,"{'neg': 0.0, 'neu': 0.627, 'pos': 0.373, 'compound': 0.8778}",0.8778,0.373,0.0,0.627,positive
21,2024-03-10 04:29:17+00:00,1,Service started great. Then downhill. Prices high and food did not live up to hype or cost. One of the most disappointing dining experiences in all my years in nyc. Had high hopes. Oh well.,False,0,0,0,Donna M.,en,"{'neg': 0.117, 'neu': 0.684, 'pos': 0.199, 'compound': 0.4033}",0.4033,0.199,0.117,0.684,positive
20,2024-03-17 01:26:54+00:00,1,"Nothing French about this ""French restaurant"" except bistro-styled basic furniture. Food is mediocre ""new-American"" and extremely overpriced. (duck breast is $75!) Tiny portions. The atmosphere is ""Balthatzar wanna be- but never made it"". Completely clueless hostess that seats large group with 3 constantly crying toddlers in the middle of the place immediately killing everyone's evening instead of the booth by the wall. Few staff ppl are simply drunk. Tables are too close to each other, feel of a cramped elevator. Definitely not a ""romantic place"". Too loud, too smelly. Not a relaxing place - which is a key to a ""French experience"". Just poorly run restaurant. Crowd is mostly asian tourists lured in by clever marketing and few locals. Their GM (Cody) is literally making out with the host by the bar (although nothing wrong if you into that while biting ""saucisse de porc""). So many better choices around.They opened recently and hopefully will have enough time to visit Le Marais and learn the trade before they close. Waste of money.",False,0,0,0,Roman V.,en,"{'neg': 0.251, 'neu': 0.664, 'pos': 0.085, 'compound': -0.9917}",-0.9917,0.085,0.251,0.664,negative
19,2024-05-05 13:45:50+00:00,5,"I decided to dine here on a recommendation and I am so glad I did. It was still a little too cold to sit outside, but inside was cozy, not too loud and great for a catch up with an old friend. The service was absolutely excellent with an enthusiastic staff. The menu options were described to us in great detail and we were struggling to decide what sounded best!

I was very impressed with the Ris De Veau and Scallop and Seaweed. The diver scallops were so fresh and all of the sauces were to die for. We loved the surprise dessert brought out to us- rice pudding with cashews and caramel drizzle.",False,1,0,1,Rachel S.,en,"{'neg': 0.067, 'neu': 0.568, 'pos': 0.365, 'compound': 0.9952}",0.9952,0.365,0.067,0.568,positive
18,2024-05-07 11:04:05+00:00,4,"Wow -- this friendly neighborhood-y place was not what I was expecting when I heard the name ""Libertine.""  

Ok, ok it was, in fact, because I read the reviews.  I suppose if I had to connect the name with the experience, I would say that the warmth of the place, the wholesome and creative preparation was seductive.

We arrived late (thank you NY traffic) and could easily have been turned away.  Instead we were greeted with glasses of champagne until two seats at the bar opened up.  For me, I would skip the scallop next time because the standout were the entrees. Mi oni -- the duck (or ducks as they say) was amazing.  And the Dover sole!  Crispy skin was a nice textural contrast to the tenderness of the sole and silkiness of the sauce.

As we chatted with the bartenders
and others at the bar -- we would be forgiven if we thought we had entered a home in the French countryside much less the streets of Paris.  Unfortunately, we had to rush out to a show but not before the bartender treated us to some home made amaro!  What a delightful way to end the meal.

For better or worse, I am not a libertine but I did open my palate to the experience that night and was glad I did.",True,0,0,0,John A.,en,"{'neg': 0.072, 'neu': 0.767, 'pos': 0.162, 'compound': 0.9341}",0.9341,0.162,0.072,0.767,positive
17,2024-05-12 00:20:07+00:00,4,"Quaint location, limited but unique selection of food.  Nice wine menu & delightful cocktails.   knowledgeable wait staff.",False,0,0,0,Keith C.,en,"{'neg': 0.224, 'neu': 0.445, 'pos': 0.33, 'compound': 0.5927}",0.5927,0.33,0.224,0.445,positive
16,2024-05-18 23:42:27+00:00,2,Pretentious as hell.  All style and attitude. Substance? meh. Feels like a con job. Lordy.,False,0,0,0,J R.,en,"{'neg': 0.605, 'neu': 0.309, 'pos': 0.086, 'compound': -0.9524}",-0.9524,0.086,0.605,0.309,negative
15,2024-05-19 00:49:22+00:00,1,"Fake French. Sausage is utterly plain. Wine is weak. Overall blend. Chocolate mousse was the best part of the meal. Nice service, but misplaced accents on the menu. Incredibly disappointing, be sure to skip!",False,0,0,0,Catherine F.,en,"{'neg': 0.247, 'neu': 0.589, 'pos': 0.165, 'compound': -0.7083}",-0.7083,0.165,0.247,0.589,negative
14,2024-06-05 00:42:27+00:00,4,"Yum, can't wait to try more here! Super super nice hostess seated us outside in perfect weather. We enjoyed two beers and split the saussice over mash and it was delishhh! Can't wait to get back and try the duck two ways-- good to know ahead that the duck must be ordered at an inside table as the outside tables are too small to accommodate and they don't serve it outside. Can't wait to go back.",True,0,0,0,Citlali A.,en,"{'neg': 0.04, 'neu': 0.66, 'pos': 0.3, 'compound': 0.9775}",0.9775,0.3,0.04,0.66,positive
13,2024-06-10 00:11:47+00:00,5,"Really wonderful food, great service, great drinks. Pretty pricey and VERY rich, though, so it's for a special occasion place for sure.",False,0,0,0,Jamila E.,en,"{'neg': 0.093, 'neu': 0.304, 'pos': 0.603, 'compound': 0.9713}",0.9713,0.603,0.093,0.304,positive
12,2024-06-20 02:11:59+00:00,1,"Over-rated would be the equivalent of saying James Patterson should not be in line for a Nobel Prize for Literature.  The scallop and seaweed appetizer was tasteless except for the half pound of salt that was dumped on the fish.  The duck entree - priced at a $68, a data point that would change Jerome Powell's view of inflationary pressure - had an un-seared layer of fat that  rendered - pun intended- the dish inedible.

I hate to give a bad review unless nobody in the kitchen really gives a crap.",False,0,0,0,Adam H.,en,"{'neg': 0.269, 'neu': 0.7, 'pos': 0.031, 'compound': -0.9802}",-0.9802,0.031,0.269,0.7,negative
11,2024-06-27 20:27:38+00:00,5,"Kind of serendipity , cause we were suppose to dine around Columbus circle (Italian) and ended up in this charming very neighborhoody excellent French restaurant.
Menu on the wall and most likely change often , the least fav of us was the pate maison but even though , it was creamy enough and delicious.
Our fav was the scallop dish , fantastically flavorable and melting followed by the very intriguing lamb dish (I was wrongly skeptical) and excellent fish of the market the Dover Sole , large enough for two and exquisite. 
Ending with smooth dark chocolate mouse & cream was the right thing to do .
Very professional knowledgeable staff .

Highly recommended !!!!

Definitely A destination!!!",True,0,0,0,Tsvika K.,en,"{'neg': 0.065, 'neu': 0.724, 'pos': 0.211, 'compound': 0.9757}",0.9757,0.211,0.065,0.724,positive
10,2024-07-04 02:03:01+00:00,5,"i brought my parents to libertine for father's day celebrations because french food is his favorite cuisine. libertine's bistro vibe might make one exclude it as a fine dining option (who cares for a dining room dress code anyway), but the quality of food says otherwise. needless to say, we were very impressed by every dish and the impeccable service. 

a breakdown of what we ordered: 
- oeufs mayonnaise: of course we had to try the signature egg dish. while not my favorite appetizer, the tanginess in the homemade mayo is a flavor i have never experienced before! worth ordering. 
- scallops: this dish was bomb and the sauce was divine! we literally licked the plate clean. 
- lamb: my father loves lamb but be aware that this does not come on the bone. while he does prefer a bone-in experience, he said this was very tender. 
- duck 2 ways: one of the pricier entrees on the menu, but so good! the duck breast is incredibly flavorful and juicy with the perfect amount of crisp on the skin. the potsti accompaniment is also chefs kiss! 
- chicken: chicken is usually such a bland protein but whatever the chefs are doing here needs to be studied! this is literally the most tender chicken i have ever had. DONT SKIP THIS! 

our server was attentive the entire meal! we appreciated that he took extra time to ensure we understood the entirely french menu. looking forward to returning to libertine!",True,0,0,0,Claudia L.,en,"{'neg': 0.063, 'neu': 0.661, 'pos': 0.275, 'compound': 0.9977}",0.9977,0.275,0.063,0.661,positive
9,2024-07-06 21:49:53+00:00,2,"Shit customer service. I walked in at 5pm and asked if I could grab a glass of wine and charge my phone, which was on 1% because I needed to get back to BK. The hostess said she couldn't spare her charger for 10 minutes because she'd ""have to spare it for everyone"" - the iPad was at 60% battery and the place was empty. Just made me feel like a second class citizen. Walked across the street to The Warren and they couldn't have been lovelier. The little things matter. How you treat people matters.",False,0,0,0,Lucie H.,en,"{'neg': 0.068, 'neu': 0.867, 'pos': 0.065, 'compound': -0.0717}",-0.0717,0.065,0.068,0.867,negative
8,2024-07-07 18:10:26+00:00,4,"This restaurant had a lot of buzz when it opened last year, which is how I, a NY visitor, first heard about it.  Reservations are a bit easier to come by now.  I came here for a weekend lunch (they're only open for dinner weekdays).  The place is bright and airy, the ceiling is fairly high and the tables/booths generously spaced.  The decor is pretty classic French  bistro.  The menu is presented on chalkboards strategically placed.  There is some outdoor seating as well.

For lunch, Libertine offers both an a la carte menu and a 2-course ""formule""  (starter and entrée) for $48, with 2 choices for each.  On this day the starter choices were their famous oeufs mayo or trout crudo; the entrée choices were scallop poelee or lamb braise.  I ordered the oeufs and the scallops, plus the bread and butter (anchovies are additional) and pate maison.  

Everything was pretty stellar, especially the oeufs mayo (amped up with trout roe, so creamy) and the scallops (well-cooked and light).  I finished with a classic rice pudding.

Service was decent.  Libertine is on the pricey side, but is refined and worth another visit.",True,0,0,0,Stewart L.,en,"{'neg': 0.028, 'neu': 0.899, 'pos': 0.073, 'compound': 0.7543}",0.7543,0.073,0.028,0.899,positive
7,2024-08-02 19:10:08+00:00,1,"Price, food quality and food serving size, better wines and overall taste of pseudo French meals

Horrible for those who know French food",False,0,0,0,Angie M.,en,"{'neg': 0.227, 'neu': 0.68, 'pos': 0.094, 'compound': -0.7269}",-0.7269,0.094,0.227,0.68,negative
6,2024-08-19 12:48:18+00:00,5,I love libertine. One of my favorite French restaurants and amazing staff. Great place to bring friends from out of town and get a good drink. I recommend the duck!!,False,0,0,0,Tara J.,en,"{'neg': 0.042, 'neu': 0.421, 'pos': 0.536, 'compound': 0.9729}",0.9729,0.536,0.042,0.421,positive
5,2024-08-24 15:33:06+00:00,3,"We came here because it was easy to snag a Friday night reservation the day before (which is amazing) and overall it was good but not great. The dishes are pretty small and the only stand out dish that I'd order again was the duck, which was delicious but also a little cold. Pricey but to be expected in the WV. 7/10 experience.",False,0,0,0,Vanessa C.,en,"{'neg': 0.207, 'neu': 0.59, 'pos': 0.203, 'compound': -0.0987}",-0.0987,0.203,0.207,0.59,negative
4,2024-09-17 22:26:16+00:00,1,"Absolutely overrated and overpriced.  Staff is not the friendliest.  Also, given the price point,  I expected a much better looking restaurant.  Thumbs down!",False,0,0,0,L. F.,en,"{'neg': 0.391, 'neu': 0.52, 'pos': 0.089, 'compound': -0.8973}",-0.8973,0.089,0.391,0.52,negative
3,2024-09-18 01:03:46+00:00,5,Pricey -- but well worth the money. The chicken was good but the eggs were amazing. Def worth a visit.,False,0,0,0,Eric B.,en,"{'neg': 0.078, 'neu': 0.408, 'pos': 0.514, 'compound': 0.9313}",0.9313,0.514,0.078,0.408,positive
2,2024-11-19 21:39:38+00:00,2,"After considerable time and effort, I was able to snag a reservation at this highly rated and interesting restaurant. I was looking forward with great anticipation to a dish served everywhere in Paris, but hardly anywhere in New York: jambon persillé. Unfortunately, my wife and I had a rather middling meal with service to match. I'm by no means a new player on the New York food scene, but we might as well have been invisible to the staff and the proprietor, who spent considerable time fawning over repeat clients and took not a moment to inquire after our satisfaction, despite our presence smack in the middle of the room at a thimble sized table. I will not be surprised if, after the fuss subsides, the presence of those little blue boxes on Resy proliferates...
Quel dommage...",False,0,0,0,Richard R.,en,"{'neg': 0.084, 'neu': 0.83, 'pos': 0.086, 'compound': -0.1698}",-0.1698,0.086,0.084,0.83,negative
1,2025-02-21 20:20:14+00:00,4,"Welcoming staff that is very professional in a comfortable way. Great lighting. I could eat everything on their menu and in our few visits, I think we may have. The desserts are few but each one is exceptional. We are frequent travelers to France and this is about as close as you can get to an authentic Paris bistro here in NYC. We eat out a couple of nights a week and sample many restaurants, LIBERTINE remains a favorite.",False,0,0,0,mar b.,en,"{'neg': 0.041, 'neu': 0.812, 'pos': 0.147, 'compound': 0.8331}",0.8331,0.147,0.041,0.812,positive
0,2025-02-22 03:56:57+00:00,3,"Fake pacific dover sole. Asked server before ordering if it was real deal Atlantic, he said it was. It wasn't. Kinda BS, I'm sure the bumpkin transplants don't know the difference. I would have ordered something else, very disappointing, they are not the same thing.",False,0,0,0,William M.,en,"{'neg': 0.163, 'neu': 0.797, 'pos': 0.04, 'compound': -0.8104}",-0.8104,0.04,0.163,0.797,negative
